timestamp,fps,latency_ms,cpu_percent,temp_c,ram_mb,dropped_frames
04/02/2026 14/03/10,24.7,42,58,53.9,790,0
04/02/2026 14/03/11,25,40,59,54,792,0
04/02/2026 14/03/12,25.2,39,60,54.1,795,0
04/02/2026 14/03/13,25.1,39,61,54.2,798,0
04/02/2026 14/03/14,24.9,41,62,54.3,801,0
04/02/2026 14/03/15,24.6,43,64,54.4,803,0
04/02/2026 14/03/16,24.4,44,65,54.5,806,0
04/02/2026 14/03/17,24.8,41,63,54.6,809,0
04/02/2026 14/03/18,25.3,38,61,54.7,812,0
04/02/2026 14/03/19,25.6,37,60,54.8,815,0
04/02/2026 14/03/20,25.4,38,62,54.9,818,0
04/02/2026 14/03/21,25,40,64,55,821,0
04/02/2026 14/03/22,24.5,43,66,55.1,824,1
04/02/2026 14/03/23,24.2,45,67,55.2,827,0
04/02/2026 14/03/24,24.9,41,65,55.3,830,0
04/02/2026 14/03/25,25.5,37,63,55.4,833,0
04/02/2026 14/03/26,25.8,36,62,55.5,836,0
04/02/2026 14/03/27,25.6,37,64,55.6,838,0
04/02/2026 14/03/28,25.1,39,66,55.7,841,0
04/02/2026 14/03/29,24.7,42,68,55.8,844,0
04/02/2026 14/03/30,24.1,46,70,55.9,847,1
04/02/2026 14/03/31,24.3,45,69,56,850,0
04/02/2026 14/03/32,24.8,41,67,56.1,853,0
04/02/2026 14/03/33,25.4,38,65,56.2,856,0
04/02/2026 14/03/34,25.9,36,63,56.3,858,0
04/02/2026 14/03/35,25.7,36,64,56.4,861,0
04/02/2026 14/03/36,25.2,39,66,56.5,864,0
04/02/2026 14/03/37,24.6,43,68,56.6,867,0
04/02/2026 14/03/38,24.2,45,70,56.7,870,1
04/02/2026 14/03/39,24.4,44,71,56.8,873,0
04/02/2026 14/03/40,24.9,41,69,56.9,876,0
04/02/2026 14/03/41,25.5,37,67,57,879,0
04/02/2026 14/03/42,25.8,36,66,57.1,882,0
04/02/2026 14/03/43,25.6,37,68,57.2,884,0
04/02/2026 14/03/44,25,40,70,57.3,887,0
04/02/2026 14/03/45,24.5,43,72,57.4,890,1
04/02/2026 14/03/46,24.1,46,73,57.5,893,0
04/02/2026 14/03/47,24.3,45,72,57.6,896,0
04/02/2026 14/03/48,24.8,41,70,57.7,899,0
04/02/2026 14/03/49,25.3,38,68,57.8,902,0
04/02/2026 14/03/50,25.7,36,67,57.9,905,0
04/02/2026 14/03/51,25.5,37,69,58,908,0
04/02/2026 14/03/52,24.9,41,71,58.1,911,0
04/02/2026 14/03/53,24.4,44,73,58.2,914,1
04/02/2026 14/03/54,24.2,45,74,58.3,917,0
04/02/2026 14/03/55,24.7,42,72,58.4,920,0
04/02/2026 14/03/56,25.1,39,70,58.5,923,0
04/02/2026 14/03/57,25.6,37,69,58.6,926,0
04/02/2026 14/03/58,25.8,36,71,58.7,929,0
04/02/2026 14/03/59,25.4,38,73,58.8,932,0
04/02/2026 14/04/00,24.9,41,74,58.9,935,1
04/02/2026 14/04/01,24.5,43,75,59,938,0
04/02/2026 14/04/02,24.3,45,73,59.1,941,0
04/02/2026 14/04/03,24.8,41,71,59.2,944,0
04/02/2026 14/04/04,25.2,39,70,59.3,947,0
04/02/2026 14/04/05,25.6,37,72,59.4,950,0
04/02/2026 14/04/06,25.3,38,74,59.5,953,0
04/02/2026 14/04/07,24.8,41,76,59.6,956,1
04/02/2026 14/04/08,24.4,44,77,59.7,959,0
04/02/2026 14/04/09,24.2,45,76,59.8,962,0
